index,segment,design_ss8,design_ss3,H_prop,E_prop,C_prop,Success,backbone,success_backbone
ggtdt_af3,8-22,CCCCCCCCCCCCCCC,CCCCCCCCCCCCCCC,0.0,0.0,1.0,-,./ggtdt_example/ggtdt_af3.pdb,-
ggtdt_af3_A_0,8-22,CSCSSCCCCPPPPPP,CCCCCCCCCHHHHHH,0.4,0.0,0.6,No,ggtdt_example/rfdiffusion_out/fix_pdb/ggtdt_af3_A_0.pdb,-
ggtdt_af3_A_1,8-22,CCTTPPPPPPPPPPP,CCCCHHHHHHHHHHH,0.7333,0.0,0.2667,Yes,ggtdt_example/rfdiffusion_out/fix_pdb/ggtdt_af3_A_1.pdb,./ggtdt_example/rfdiffusion_out/filter_results/ggtdt_af3_A_1.pdb
ggtdt_af3_A_2,8-22,CTTCCCCCCCCCPPP,CCCCCCCCCCCCHHH,0.2,0.0,0.8,No,ggtdt_example/rfdiffusion_out/fix_pdb/ggtdt_af3_A_2.pdb,-
ggtdt_af3_A_3,8-22,CCSCCCSCCPPPPCP,CCCCCCCCCHHHHCH,0.3333,0.0,0.6667,No,ggtdt_example/rfdiffusion_out/fix_pdb/ggtdt_af3_A_3.pdb,-
ggtdt_af3_A_4,8-22,CCCPPPPPPCPPPCP,CCCHHHHHHCHHHCH,0.6667,0.0,0.3333,Yes,ggtdt_example/rfdiffusion_out/fix_pdb/ggtdt_af3_A_4.pdb,./ggtdt_example/rfdiffusion_out/filter_results/ggtdt_af3_A_4.pdb
ggtdt_af3_A_5,8-22,CSSCCPPPPCPPPPC,CCCCCHHHHCHHHHC,0.5333,0.0,0.4667,Yes,ggtdt_example/rfdiffusion_out/fix_pdb/ggtdt_af3_A_5.pdb,./ggtdt_example/rfdiffusion_out/filter_results/ggtdt_af3_A_5.pdb
ggtdt_af3_A_6,8-22,CCCCPPPPPPPPPPC,CCCCHHHHHHHHHHC,0.6667,0.0,0.3333,Yes,ggtdt_example/rfdiffusion_out/fix_pdb/ggtdt_af3_A_6.pdb,./ggtdt_example/rfdiffusion_out/filter_results/ggtdt_af3_A_6.pdb
ggtdt_af3_A_7,8-22,CCCCPPPPPPPSSPP,CCCCHHHHHHHCCHH,0.6,0.0,0.4,Yes,ggtdt_example/rfdiffusion_out/fix_pdb/ggtdt_af3_A_7.pdb,./ggtdt_example/rfdiffusion_out/filter_results/ggtdt_af3_A_7.pdb
ggtdt_af3_A_8,8-22,CCCCCCCPPPTTCCP,CCCCCCCHHHCCCCH,0.2667,0.0,0.7333,No,ggtdt_example/rfdiffusion_out/fix_pdb/ggtdt_af3_A_8.pdb,-
ggtdt_af3_A_9,8-22,CCTTPPPPPPPSSPP,CCCCHHHHHHHCCHH,0.6,0.0,0.4,Yes,ggtdt_example/rfdiffusion_out/fix_pdb/ggtdt_af3_A_9.pdb,./ggtdt_example/rfdiffusion_out/filter_results/ggtdt_af3_A_9.pdb
