index,backbone,segment,ss8,ss3,H_prop,E_prop,C_prop,backbone_pdb,score,global_score,region,sequence
ggtdt_af3_A_6_mpnn_0,ggtdt_af3_A_6,8-22,CCCCPPPPPPPPPPC,CCCCHHHHHHHHHHC,0.6667,0.0,0.3333,./ggtdt_example/rfdiffusion_out/filter_results/ggtdt_af3_A_6.pdb,1.5625,1.7181,HHHKRPKRRVPKPVT,MHHHHHHHHHKRPKRRVPKPVTSSFTASKVSQYSCQRKTTLNNCNKKFTDAFEIMAENYEFKENEIFCLEFLRAASVLKSLPFPVTRMKDIQGLPCMGDRVRDVIEEIIEEGESSRAKDVLNDERYKSFKEFTSVFGVGVKTSEKWFRMGLRTVEEVKADKTLKLSKMQRAGFLYYEDLVSCVSKAEADAVSSIVKNTVCTFLPDALVTITGGFRRGKKIGHDIDFLITSPGQREDDELLHKGLLLYCDIIESTFVKEQIPSRHVDAMDHFQKCFAILKLYQPRVDNSSYNMSKKCDMAEVKDWKAIRVDLVITPFEQYAYALLGWTGSRQFGRDLRRYATHERKMMLDNHALYDKRKRVFLKAGSEEEIFAHLGLDYVEPWERNA
ggtdt_af3_A_6_mpnn_1,ggtdt_af3_A_6,8-22,CCCCPPPPPPPPPPC,CCCCHHHHHHHHHHC,0.6667,0.0,0.3333,./ggtdt_example/rfdiffusion_out/filter_results/ggtdt_af3_A_6.pdb,1.6422,1.6993,HGVPVRPKVKPLPKT,MHHHHHHHGVPVRPKVKPLPKTSSFTASKVSQYSCQRKTTLNNCNKKFTDAFEIMAENYEFKENEIFCLEFLRAASVLKSLPFPVTRMKDIQGLPCMGDRVRDVIEEIIEEGESSRAKDVLNDERYKSFKEFTSVFGVGVKTSEKWFRMGLRTVEEVKADKTLKLSKMQRAGFLYYEDLVSCVSKAEADAVSSIVKNTVCTFLPDALVTITGGFRRGKKIGHDIDFLITSPGQREDDELLHKGLLLYCDIIESTFVKEQIPSRHVDAMDHFQKCFAILKLYQPRVDNSSYNMSKKCDMAEVKDWKAIRVDLVITPFEQYAYALLGWTGSRQFGRDLRRYATHERKMMLDNHALYDKRKRVFLKAGSEEEIFAHLGLDYVEPWERNA
ggtdt_af3_A_6_mpnn_2,ggtdt_af3_A_6,8-22,CCCCPPPPPPPPPPC,CCCCHHHHHHHHHHC,0.6667,0.0,0.3333,./ggtdt_example/rfdiffusion_out/filter_results/ggtdt_af3_A_6.pdb,1.2419,1.6972,HHHHHKKKKVPKPKT,MHHHHHHHHHHHKKKKVPKPKTSSFTASKVSQYSCQRKTTLNNCNKKFTDAFEIMAENYEFKENEIFCLEFLRAASVLKSLPFPVTRMKDIQGLPCMGDRVRDVIEEIIEEGESSRAKDVLNDERYKSFKEFTSVFGVGVKTSEKWFRMGLRTVEEVKADKTLKLSKMQRAGFLYYEDLVSCVSKAEADAVSSIVKNTVCTFLPDALVTITGGFRRGKKIGHDIDFLITSPGQREDDELLHKGLLLYCDIIESTFVKEQIPSRHVDAMDHFQKCFAILKLYQPRVDNSSYNMSKKCDMAEVKDWKAIRVDLVITPFEQYAYALLGWTGSRQFGRDLRRYATHERKMMLDNHALYDKRKRVFLKAGSEEEIFAHLGLDYVEPWERNA
ggtdt_af3_A_6_mpnn_3,ggtdt_af3_A_6,8-22,CCCCPPPPPPPPPPC,CCCCHHHHHHHHHHC,0.6667,0.0,0.3333,./ggtdt_example/rfdiffusion_out/filter_results/ggtdt_af3_A_6.pdb,1.2595,1.708,HHHHHHHPVTPKPVT,MHHHHHHHHHHHHHPVTPKPVTSSFTASKVSQYSCQRKTTLNNCNKKFTDAFEIMAENYEFKENEIFCLEFLRAASVLKSLPFPVTRMKDIQGLPCMGDRVRDVIEEIIEEGESSRAKDVLNDERYKSFKEFTSVFGVGVKTSEKWFRMGLRTVEEVKADKTLKLSKMQRAGFLYYEDLVSCVSKAEADAVSSIVKNTVCTFLPDALVTITGGFRRGKKIGHDIDFLITSPGQREDDELLHKGLLLYCDIIESTFVKEQIPSRHVDAMDHFQKCFAILKLYQPRVDNSSYNMSKKCDMAEVKDWKAIRVDLVITPFEQYAYALLGWTGSRQFGRDLRRYATHERKMMLDNHALYDKRKRVFLKAGSEEEIFAHLGLDYVEPWERNA
ggtdt_af3_A_6_mpnn_4,ggtdt_af3_A_6,8-22,CCCCPPPPPPPPPPC,CCCCHHHHHHHHHHC,0.6667,0.0,0.3333,./ggtdt_example/rfdiffusion_out/filter_results/ggtdt_af3_A_6.pdb,1.2786,1.6938,HHHHHHVPVIPKPVT,MHHHHHHHHHHHHVPVIPKPVTSSFTASKVSQYSCQRKTTLNNCNKKFTDAFEIMAENYEFKENEIFCLEFLRAASVLKSLPFPVTRMKDIQGLPCMGDRVRDVIEEIIEEGESSRAKDVLNDERYKSFKEFTSVFGVGVKTSEKWFRMGLRTVEEVKADKTLKLSKMQRAGFLYYEDLVSCVSKAEADAVSSIVKNTVCTFLPDALVTITGGFRRGKKIGHDIDFLITSPGQREDDELLHKGLLLYCDIIESTFVKEQIPSRHVDAMDHFQKCFAILKLYQPRVDNSSYNMSKKCDMAEVKDWKAIRVDLVITPFEQYAYALLGWTGSRQFGRDLRRYATHERKMMLDNHALYDKRKRVFLKAGSEEEIFAHLGLDYVEPWERNA
ggtdt_af3_A_6_mpnn_5,ggtdt_af3_A_6,8-22,CCCCPPPPPPPPPPC,CCCCHHHHHHHHHHC,0.6667,0.0,0.3333,./ggtdt_example/rfdiffusion_out/filter_results/ggtdt_af3_A_6.pdb,1.2809,1.7002,HHHHHHHIEVPKPVT,MHHHHHHHHHHHHHIEVPKPVTSSFTASKVSQYSCQRKTTLNNCNKKFTDAFEIMAENYEFKENEIFCLEFLRAASVLKSLPFPVTRMKDIQGLPCMGDRVRDVIEEIIEEGESSRAKDVLNDERYKSFKEFTSVFGVGVKTSEKWFRMGLRTVEEVKADKTLKLSKMQRAGFLYYEDLVSCVSKAEADAVSSIVKNTVCTFLPDALVTITGGFRRGKKIGHDIDFLITSPGQREDDELLHKGLLLYCDIIESTFVKEQIPSRHVDAMDHFQKCFAILKLYQPRVDNSSYNMSKKCDMAEVKDWKAIRVDLVITPFEQYAYALLGWTGSRQFGRDLRRYATHERKMMLDNHALYDKRKRVFLKAGSEEEIFAHLGLDYVEPWERNA
ggtdt_af3_A_6_mpnn_6,ggtdt_af3_A_6,8-22,CCCCPPPPPPPPPPC,CCCCHHHHHHHHHHC,0.6667,0.0,0.3333,./ggtdt_example/rfdiffusion_out/filter_results/ggtdt_af3_A_6.pdb,1.524,1.7063,HGHPVPPVVIPAPVS,MHHHHHHHGHPVPPVVIPAPVSSSFTASKVSQYSCQRKTTLNNCNKKFTDAFEIMAENYEFKENEIFCLEFLRAASVLKSLPFPVTRMKDIQGLPCMGDRVRDVIEEIIEEGESSRAKDVLNDERYKSFKEFTSVFGVGVKTSEKWFRMGLRTVEEVKADKTLKLSKMQRAGFLYYEDLVSCVSKAEADAVSSIVKNTVCTFLPDALVTITGGFRRGKKIGHDIDFLITSPGQREDDELLHKGLLLYCDIIESTFVKEQIPSRHVDAMDHFQKCFAILKLYQPRVDNSSYNMSKKCDMAEVKDWKAIRVDLVITPFEQYAYALLGWTGSRQFGRDLRRYATHERKMMLDNHALYDKRKRVFLKAGSEEEIFAHLGLDYVEPWERNA
ggtdt_af3_A_6_mpnn_7,ggtdt_af3_A_6,8-22,CCCCPPPPPPPPPPC,CCCCHHHHHHHHHHC,0.6667,0.0,0.3333,./ggtdt_example/rfdiffusion_out/filter_results/ggtdt_af3_A_6.pdb,1.2586,1.7016,HHHHHPPVVVPQPVT,MHHHHHHHHHHHPPVVVPQPVTSSFTASKVSQYSCQRKTTLNNCNKKFTDAFEIMAENYEFKENEIFCLEFLRAASVLKSLPFPVTRMKDIQGLPCMGDRVRDVIEEIIEEGESSRAKDVLNDERYKSFKEFTSVFGVGVKTSEKWFRMGLRTVEEVKADKTLKLSKMQRAGFLYYEDLVSCVSKAEADAVSSIVKNTVCTFLPDALVTITGGFRRGKKIGHDIDFLITSPGQREDDELLHKGLLLYCDIIESTFVKEQIPSRHVDAMDHFQKCFAILKLYQPRVDNSSYNMSKKCDMAEVKDWKAIRVDLVITPFEQYAYALLGWTGSRQFGRDLRRYATHERKMMLDNHALYDKRKRVFLKAGSEEEIFAHLGLDYVEPWERNA
ggtdt_af3_A_6_mpnn_8,ggtdt_af3_A_6,8-22,CCCCPPPPPPPPPPC,CCCCHHHHHHHHHHC,0.6667,0.0,0.3333,./ggtdt_example/rfdiffusion_out/filter_results/ggtdt_af3_A_6.pdb,1.4958,1.6912,HGVPLPKPEVPKPKT,MHHHHHHHGVPLPKPEVPKPKTSSFTASKVSQYSCQRKTTLNNCNKKFTDAFEIMAENYEFKENEIFCLEFLRAASVLKSLPFPVTRMKDIQGLPCMGDRVRDVIEEIIEEGESSRAKDVLNDERYKSFKEFTSVFGVGVKTSEKWFRMGLRTVEEVKADKTLKLSKMQRAGFLYYEDLVSCVSKAEADAVSSIVKNTVCTFLPDALVTITGGFRRGKKIGHDIDFLITSPGQREDDELLHKGLLLYCDIIESTFVKEQIPSRHVDAMDHFQKCFAILKLYQPRVDNSSYNMSKKCDMAEVKDWKAIRVDLVITPFEQYAYALLGWTGSRQFGRDLRRYATHERKMMLDNHALYDKRKRVFLKAGSEEEIFAHLGLDYVEPWERNA
ggtdt_af3_A_6_mpnn_9,ggtdt_af3_A_6,8-22,CCCCPPPPPPPPPPC,CCCCHHHHHHHHHHC,0.6667,0.0,0.3333,./ggtdt_example/rfdiffusion_out/filter_results/ggtdt_af3_A_6.pdb,1.569,1.7039,HHIPVPPTPVPPPVT,MHHHHHHHHIPVPPTPVPPPVTSSFTASKVSQYSCQRKTTLNNCNKKFTDAFEIMAENYEFKENEIFCLEFLRAASVLKSLPFPVTRMKDIQGLPCMGDRVRDVIEEIIEEGESSRAKDVLNDERYKSFKEFTSVFGVGVKTSEKWFRMGLRTVEEVKADKTLKLSKMQRAGFLYYEDLVSCVSKAEADAVSSIVKNTVCTFLPDALVTITGGFRRGKKIGHDIDFLITSPGQREDDELLHKGLLLYCDIIESTFVKEQIPSRHVDAMDHFQKCFAILKLYQPRVDNSSYNMSKKCDMAEVKDWKAIRVDLVITPFEQYAYALLGWTGSRQFGRDLRRYATHERKMMLDNHALYDKRKRVFLKAGSEEEIFAHLGLDYVEPWERNA
ggtdt_af3_A_6_mpnn_10,ggtdt_af3_A_6,8-22,CCCCPPPPPPPPPPC,CCCCHHHHHHHHHHC,0.6667,0.0,0.3333,./ggtdt_example/rfdiffusion_out/filter_results/ggtdt_af3_A_6.pdb,1.4448,1.7062,HHHHVPEVKIPEPVT,MHHHHHHHHHHVPEVKIPEPVTSSFTASKVSQYSCQRKTTLNNCNKKFTDAFEIMAENYEFKENEIFCLEFLRAASVLKSLPFPVTRMKDIQGLPCMGDRVRDVIEEIIEEGESSRAKDVLNDERYKSFKEFTSVFGVGVKTSEKWFRMGLRTVEEVKADKTLKLSKMQRAGFLYYEDLVSCVSKAEADAVSSIVKNTVCTFLPDALVTITGGFRRGKKIGHDIDFLITSPGQREDDELLHKGLLLYCDIIESTFVKEQIPSRHVDAMDHFQKCFAILKLYQPRVDNSSYNMSKKCDMAEVKDWKAIRVDLVITPFEQYAYALLGWTGSRQFGRDLRRYATHERKMMLDNHALYDKRKRVFLKAGSEEEIFAHLGLDYVEPWERNA
ggtdt_af3_A_6_mpnn_11,ggtdt_af3_A_6,8-22,CCCCPPPPPPPPPPC,CCCCHHHHHHHHHHC,0.6667,0.0,0.3333,./ggtdt_example/rfdiffusion_out/filter_results/ggtdt_af3_A_6.pdb,1.5373,1.7004,HGVPLPPVVIPLPKT,MHHHHHHHGVPLPPVVIPLPKTSSFTASKVSQYSCQRKTTLNNCNKKFTDAFEIMAENYEFKENEIFCLEFLRAASVLKSLPFPVTRMKDIQGLPCMGDRVRDVIEEIIEEGESSRAKDVLNDERYKSFKEFTSVFGVGVKTSEKWFRMGLRTVEEVKADKTLKLSKMQRAGFLYYEDLVSCVSKAEADAVSSIVKNTVCTFLPDALVTITGGFRRGKKIGHDIDFLITSPGQREDDELLHKGLLLYCDIIESTFVKEQIPSRHVDAMDHFQKCFAILKLYQPRVDNSSYNMSKKCDMAEVKDWKAIRVDLVITPFEQYAYALLGWTGSRQFGRDLRRYATHERKMMLDNHALYDKRKRVFLKAGSEEEIFAHLGLDYVEPWERNA
ggtdt_af3_A_6_mpnn_12,ggtdt_af3_A_6,8-22,CCCCPPPPPPPPPPC,CCCCHHHHHHHHHHC,0.6667,0.0,0.3333,./ggtdt_example/rfdiffusion_out/filter_results/ggtdt_af3_A_6.pdb,1.2702,1.6946,HHHHHPKIEVPKPKK,MHHHHHHHHHHHPKIEVPKPKKSSFTASKVSQYSCQRKTTLNNCNKKFTDAFEIMAENYEFKENEIFCLEFLRAASVLKSLPFPVTRMKDIQGLPCMGDRVRDVIEEIIEEGESSRAKDVLNDERYKSFKEFTSVFGVGVKTSEKWFRMGLRTVEEVKADKTLKLSKMQRAGFLYYEDLVSCVSKAEADAVSSIVKNTVCTFLPDALVTITGGFRRGKKIGHDIDFLITSPGQREDDELLHKGLLLYCDIIESTFVKEQIPSRHVDAMDHFQKCFAILKLYQPRVDNSSYNMSKKCDMAEVKDWKAIRVDLVITPFEQYAYALLGWTGSRQFGRDLRRYATHERKMMLDNHALYDKRKRVFLKAGSEEEIFAHLGLDYVEPWERNA
ggtdt_af3_A_6_mpnn_13,ggtdt_af3_A_6,8-22,CCCCPPPPPPPPPPC,CCCCHHHHHHHHHHC,0.6667,0.0,0.3333,./ggtdt_example/rfdiffusion_out/filter_results/ggtdt_af3_A_6.pdb,1.2802,1.6801,HGHHHKKKEVPKPKT,MHHHHHHHGHHHKKKEVPKPKTSSFTASKVSQYSCQRKTTLNNCNKKFTDAFEIMAENYEFKENEIFCLEFLRAASVLKSLPFPVTRMKDIQGLPCMGDRVRDVIEEIIEEGESSRAKDVLNDERYKSFKEFTSVFGVGVKTSEKWFRMGLRTVEEVKADKTLKLSKMQRAGFLYYEDLVSCVSKAEADAVSSIVKNTVCTFLPDALVTITGGFRRGKKIGHDIDFLITSPGQREDDELLHKGLLLYCDIIESTFVKEQIPSRHVDAMDHFQKCFAILKLYQPRVDNSSYNMSKKCDMAEVKDWKAIRVDLVITPFEQYAYALLGWTGSRQFGRDLRRYATHERKMMLDNHALYDKRKRVFLKAGSEEEIFAHLGLDYVEPWERNA
ggtdt_af3_A_6_mpnn_14,ggtdt_af3_A_6,8-22,CCCCPPPPPPPPPPC,CCCCHHHHHHHHHHC,0.6667,0.0,0.3333,./ggtdt_example/rfdiffusion_out/filter_results/ggtdt_af3_A_6.pdb,1.2699,1.6901,HHHHHPKPVVPKPVT,MHHHHHHHHHHHPKPVVPKPVTSSFTASKVSQYSCQRKTTLNNCNKKFTDAFEIMAENYEFKENEIFCLEFLRAASVLKSLPFPVTRMKDIQGLPCMGDRVRDVIEEIIEEGESSRAKDVLNDERYKSFKEFTSVFGVGVKTSEKWFRMGLRTVEEVKADKTLKLSKMQRAGFLYYEDLVSCVSKAEADAVSSIVKNTVCTFLPDALVTITGGFRRGKKIGHDIDFLITSPGQREDDELLHKGLLLYCDIIESTFVKEQIPSRHVDAMDHFQKCFAILKLYQPRVDNSSYNMSKKCDMAEVKDWKAIRVDLVITPFEQYAYALLGWTGSRQFGRDLRRYATHERKMMLDNHALYDKRKRVFLKAGSEEEIFAHLGLDYVEPWERNA
ggtdt_af3_A_6_mpnn_15,ggtdt_af3_A_6,8-22,CCCCPPPPPPPPPPC,CCCCHHHHHHHHHHC,0.6667,0.0,0.3333,./ggtdt_example/rfdiffusion_out/filter_results/ggtdt_af3_A_6.pdb,1.4042,1.7063,HGHMKKKKKKPKKKV,MHHHHHHHGHMKKKKKKPKKKVSSFTASKVSQYSCQRKTTLNNCNKKFTDAFEIMAENYEFKENEIFCLEFLRAASVLKSLPFPVTRMKDIQGLPCMGDRVRDVIEEIIEEGESSRAKDVLNDERYKSFKEFTSVFGVGVKTSEKWFRMGLRTVEEVKADKTLKLSKMQRAGFLYYEDLVSCVSKAEADAVSSIVKNTVCTFLPDALVTITGGFRRGKKIGHDIDFLITSPGQREDDELLHKGLLLYCDIIESTFVKEQIPSRHVDAMDHFQKCFAILKLYQPRVDNSSYNMSKKCDMAEVKDWKAIRVDLVITPFEQYAYALLGWTGSRQFGRDLRRYATHERKMMLDNHALYDKRKRVFLKAGSEEEIFAHLGLDYVEPWERNA
ggtdt_af3_A_6_mpnn_16,ggtdt_af3_A_6,8-22,CCCCPPPPPPPPPPC,CCCCHHHHHHHHHHC,0.6667,0.0,0.3333,./ggtdt_example/rfdiffusion_out/filter_results/ggtdt_af3_A_6.pdb,1.6245,1.7188,HHLPLPPVKVPQPIT,MHHHHHHHHLPLPPVKVPQPITSSFTASKVSQYSCQRKTTLNNCNKKFTDAFEIMAENYEFKENEIFCLEFLRAASVLKSLPFPVTRMKDIQGLPCMGDRVRDVIEEIIEEGESSRAKDVLNDERYKSFKEFTSVFGVGVKTSEKWFRMGLRTVEEVKADKTLKLSKMQRAGFLYYEDLVSCVSKAEADAVSSIVKNTVCTFLPDALVTITGGFRRGKKIGHDIDFLITSPGQREDDELLHKGLLLYCDIIESTFVKEQIPSRHVDAMDHFQKCFAILKLYQPRVDNSSYNMSKKCDMAEVKDWKAIRVDLVITPFEQYAYALLGWTGSRQFGRDLRRYATHERKMMLDNHALYDKRKRVFLKAGSEEEIFAHLGLDYVEPWERNA
ggtdt_af3_A_6_mpnn_17,ggtdt_af3_A_6,8-22,CCCCPPPPPPPPPPC,CCCCHHHHHHHHHHC,0.6667,0.0,0.3333,./ggtdt_example/rfdiffusion_out/filter_results/ggtdt_af3_A_6.pdb,1.4234,1.7004,HGHHVKKKKVPKPKT,MHHHHHHHGHHVKKKKVPKPKTSSFTASKVSQYSCQRKTTLNNCNKKFTDAFEIMAENYEFKENEIFCLEFLRAASVLKSLPFPVTRMKDIQGLPCMGDRVRDVIEEIIEEGESSRAKDVLNDERYKSFKEFTSVFGVGVKTSEKWFRMGLRTVEEVKADKTLKLSKMQRAGFLYYEDLVSCVSKAEADAVSSIVKNTVCTFLPDALVTITGGFRRGKKIGHDIDFLITSPGQREDDELLHKGLLLYCDIIESTFVKEQIPSRHVDAMDHFQKCFAILKLYQPRVDNSSYNMSKKCDMAEVKDWKAIRVDLVITPFEQYAYALLGWTGSRQFGRDLRRYATHERKMMLDNHALYDKRKRVFLKAGSEEEIFAHLGLDYVEPWERNA
ggtdt_af3_A_6_mpnn_18,ggtdt_af3_A_6,8-22,CCCCPPPPPPPPPPC,CCCCHHHHHHHHHHC,0.6667,0.0,0.3333,./ggtdt_example/rfdiffusion_out/filter_results/ggtdt_af3_A_6.pdb,1.7394,1.7228,HGRKRKPTKRPRPKT,MHHHHHHHGRKRKPTKRPRPKTSSFTASKVSQYSCQRKTTLNNCNKKFTDAFEIMAENYEFKENEIFCLEFLRAASVLKSLPFPVTRMKDIQGLPCMGDRVRDVIEEIIEEGESSRAKDVLNDERYKSFKEFTSVFGVGVKTSEKWFRMGLRTVEEVKADKTLKLSKMQRAGFLYYEDLVSCVSKAEADAVSSIVKNTVCTFLPDALVTITGGFRRGKKIGHDIDFLITSPGQREDDELLHKGLLLYCDIIESTFVKEQIPSRHVDAMDHFQKCFAILKLYQPRVDNSSYNMSKKCDMAEVKDWKAIRVDLVITPFEQYAYALLGWTGSRQFGRDLRRYATHERKMMLDNHALYDKRKRVFLKAGSEEEIFAHLGLDYVEPWERNA
ggtdt_af3_A_6_mpnn_19,ggtdt_af3_A_6,8-22,CCCCPPPPPPPPPPC,CCCCHHHHHHHHHHC,0.6667,0.0,0.3333,./ggtdt_example/rfdiffusion_out/filter_results/ggtdt_af3_A_6.pdb,1.3841,1.7067,HHHHVPKPVVPKPVK,MHHHHHHHHHHVPKPVVPKPVKSSFTASKVSQYSCQRKTTLNNCNKKFTDAFEIMAENYEFKENEIFCLEFLRAASVLKSLPFPVTRMKDIQGLPCMGDRVRDVIEEIIEEGESSRAKDVLNDERYKSFKEFTSVFGVGVKTSEKWFRMGLRTVEEVKADKTLKLSKMQRAGFLYYEDLVSCVSKAEADAVSSIVKNTVCTFLPDALVTITGGFRRGKKIGHDIDFLITSPGQREDDELLHKGLLLYCDIIESTFVKEQIPSRHVDAMDHFQKCFAILKLYQPRVDNSSYNMSKKCDMAEVKDWKAIRVDLVITPFEQYAYALLGWTGSRQFGRDLRRYATHERKMMLDNHALYDKRKRVFLKAGSEEEIFAHLGLDYVEPWERNA
